{"cameraMode":{"drawMode":0,"name":"Shaded","section":"Shading Mode"},"sceneLighting":false,"audioPlay":false,"sceneViewState":{"showFog":true,"showMaterialUpdate":false,"showSkybox":false,"showFlares":true,"showImageEffects":true,"showParticleSystems":true},"in2DMode":false,"pivot":{"x":-1.9153391122817994,"y":1.2660815715789796,"z":-1.1738723516464234},"rotation":{"x":0.27684006094932558,"y":0.6525754928588867,"z":-0.27883926033973696,"w":0.6478979587554932},"size":0.9750000834465027,"orthographic":false}