{"cameraMode":{"drawMode":0,"name":"Shaded","section":"Shading Mode"},"sceneLighting":true,"audioPlay":false,"sceneViewState":{"showFog":true,"showMaterialUpdate":false,"showSkybox":true,"showFlares":true,"showImageEffects":true,"showParticleSystems":true},"in2DMode":false,"pivot":{"x":33.872962951660159,"y":22.965436935424806,"z":40.60591125488281},"rotation":{"x":0.18264257907867433,"y":0.7569015622138977,"z":-0.5805647969245911,"w":0.23812706768512727},"size":3.116640567779541,"orthographic":false}