{"cameraMode":{"drawMode":0,"name":"Shaded","section":"Shading Mode"},"sceneLighting":true,"audioPlay":false,"sceneViewState":{"showFog":true,"showMaterialUpdate":false,"showSkybox":true,"showFlares":true,"showImageEffects":true,"showParticleSystems":true},"in2DMode":false,"pivot":{"x":-18.014707565307618,"y":-20.614587783813478,"z":3.1915769577026369},"rotation":{"x":0.2922252416610718,"y":-0.6476079225540161,"z":0.29644906520843508,"w":0.6383132934570313},"size":21.623348236083986,"orthographic":false}